{
  "ACE The Place": [
    103.792241,
    1.427493
  ],
  "Aljunied": [
    103.889546,
    1.354658
  ],
  "Anchorvale": [
    103.886666,
    1.397128
  ],
  "Ang Mo Kio": [
    103.840668,
    1.366833
  ],
  "Ayer Rajah": [
    103.74754,
    1.320799
  ],
  "Bedok": [
    103.936048,
    1.324247
  ],
  "Bidadari": [
    103.87167,
    1.338731
  ],
  "Bishan": [
    103.850509,
    1.349512
  ],
  "Boon Lay": [
    103.71138,
    1.348323
  ],
  "Braddell Heights": [
    103.870368,
    1.351612
  ],
  "Buangkok": [
    103.892191,
    1.383435
  ],
  "Bukit Batok": [
    103.747514,
    1.350191
  ],
  "Bukit Batok East": [
    103.758196,
    1.348987
  ],
  "Bukit Merah": [
    103.815829,
    1.285254
  ],
  "Bukit Panjang": [
    103.770559,
    1.376451
  ],
  "Bukit Timah": [
    103.77161,
    1.340501
  ],
  "Buona Vista": [
    103.792619,
    1.309259
  ],
  "Cairnhill": [
    103.838865,
    1.310434
  ],
  "Canberra": [
    103.819474,
    1.445044
  ],
  "Changi Simei": [
    103.955111,
    1.344936
  ],
  "Cheng San": [
    103.84957,
    1.37178
  ],
  "Chong Pang": [
    103.829235,
    1.430832
  ],
  "Chua Chu Kang": [
    103.751904,
    1.381155
  ],
  "Ci Yuan": [
    103.882894,
    1.375149
  ],
  "Clementi": [
    103.768154,
    1.318815
  ],
  "Dover": [
    103.783272,
    1.30253
  ],
  "Eunos": [
    103.915144,
    1.332553
  ],
  "Fengshan": [
    103.939996,
    1.330499
  ],
  "Fernvale": [
    103.877,
    1.391726
  ],
  "Fuchun": [
    103.774812,
    1.42953
  ],
  "PAssion WaVe @ Marina Bay": [
    103.866775,
    1.294993
  ],
  "PAssion WaVe @ Pasir Ris": [
    103.943446,
    1.384947
  ],
  "PAssion WaVe @ Sembawang": [
    103.84365,
    1.459038
  ],
  "Gek Poh Ville": [
    103.698726,
    1.34869
  ],
  "Geylang Serai": [
    103.896597,
    1.31645
  ],
  "Geylang West": [
    103.872388,
    1.315691
  ],
  "Henderson": [
    103.823315,
    1.28601
  ],
  "Hillview": [
    103.764266,
    1.361967
  ],
  "Hong Kah North": [
    103.749457,
    1.359059
  ],
  "Hougang": [
    103.892622,
    1.364757
  ],
  "Hwi Yoh": [
    103.873891,
    1.3736
  ],
  "imPAct@Hong Lim Green": [
    103.846479,
    1.286329
  ],
  "Jalan Besar": [
    103.861787,
    1.308004
  ],
  "Joo Chiat": [
    103.904169,
    1.307457
  ],
  "Jurong Green": [
    103.725342,
    1.350556
  ],
  "Jurong Spring": [
    103.718156,
    1.34833
  ],
  "Kaki Bukit": [
    103.926846,
    1.333382
  ],
  "Kallang": [
    103.862373,
    1.317803
  ],
  "Kampong Chai Chee": [
    103.931621,
    1.326985
  ],
  "Kampong Glam": [
    103.863598,
    1.302795
  ],
  "Kampong Kembangan": [
    103.912699,
    1.323155
  ],
  "Kampong Ubi": [
    103.90075,
    1.317846
  ],
  "Katong": [
    103.884749,
    1.300591
  ],
  "Keat Hong": [
    103.744924,
    1.384065
  ],
  "Kebun Baru": [
    103.837612,
    1.373007
  ],
  "Kim Seng": [
    103.830706,
    1.289683
  ],
  "Kolam Ayer": [
    103.869693,
    1.324154
  ],
  "Kreta Ayer": [
    103.843013,
    1.281193
  ],
  "Leng Kee": [
    103.814448,
    1.289787
  ],
  "Limbang": [
    103.744728,
    1.394918
  ],
  "MacPherson": [
    103.884481,
    1.323537
  ],
  "Marine Parade": [
    103.909545,
    1.304829
  ],
  "Marsiling": [
    103.773615,
    1.440657
  ],
  "Marymount": [
    103.841286,
    1.362138
  ],
  "Mountbatten": [
    103.884043,
    1.300178
  ],
  "Nanyang": [
    103.69232,
    1.342364
  ],
  "Nee Soon Central": [
    103.836092,
    1.428036
  ],
  "Nee Soon East": [
    103.838488,
    1.431021
  ],
  "Nee Soon South": [
    103.834693,
    1.415175
  ],
  "One Punggol": [
    103.905088,
    1.408618
  ],
  "Pasir Ris East": [
    103.959198,
    1.368587
  ],
  "Pasir Ris Elias": [
    103.942476,
    1.378429
  ],
  "Paya Lebar Kovan": [
    103.886092,
    1.357799
  ],
  "Pek Kio": [
    103.851374,
    1.313059
  ],
  "Potong Pasir": [
    103.867037,
    1.332536
  ],
  "Punggol 21": [
    103.913464,
    1.393606
  ],
  "Punggol": [
    103.891815,
    1.374379
  ],
  "Punggol Park": [
    103.896253,
    1.377734
  ],
  "Punggol Vista": [
    103.907289,
    1.403284
  ],
  "Punggol West": [
    103.895665,
    1.404516
  ],
  "Queenstown": [
    103.801305,
    1.29915
  ],
  "Radin Mas": [
    103.819753,
    1.275931
  ],
  "Rivervale": [
    103.90232,
    1.385153
  ],
  "Sembawang": [
    103.828783,
    1.451682
  ],
  "Sengkang": [
    103.893906,
    1.392786
  ],
  "Senja-Cashew": [
    103.76466,
    1.381587
  ],
  "Siglap": [
    103.943337,
    1.321632
  ],
  "Siglap South": [
    103.930623,
    1.313159
  ],
  "Taman Jurong": [
    103.721626,
    1.335307
  ],
  "Tampines Central": [
    103.939684,
    1.353496
  ],
  "Tampines Changkat": [
    103.947688,
    1.345813
  ],
  "Tampines East": [
    103.95462,
    1.353357
  ],
  "Tampines North": [
    103.946603,
    1.357365
  ],
  "Tampines West": [
    103.935633,
    1.348751
  ],
  "Tanglin": [
    103.826877,
    1.323384
  ],
  "Tanjong Pagar": [
    103.841584,
    1.276167
  ],
  "Teck Ghee": [
    103.853536,
    1.363089
  ],
  "Telok Blangah": [
    103.807875,
    1.274863
  ],
  "Tengah": [
    103.7345,
    1.356752
  ],
  "The Frontier": [
    103.704453,
    1.34047
  ],
  "The Serangoon": [
    103.873928,
    1.370055
  ],
  "Thomson": [
    103.845523,
    1.358588
  ],
  "Tiong Bahru": [
    103.831883,
    1.283453
  ],
  "Toa Payoh Central": [
    103.850205,
    1.334935
  ],
  "Toa Payoh East": [
    103.8547,
    1.336275
  ],
  "Toa Payoh South": [
    103.859379,
    1.33489
  ],
  "Toa Payoh West": [
    103.844831,
    1.335383
  ],
  "Ulu Pandan": [
    103.789211,
    1.312009
  ],
  "West Coast": [
    103.764832,
    1.302646
  ],
  "Whampoa": [
    103.856979,
    1.32464
  ],
  "Woodgrove": [
    103.785007,
    1.431771
  ],
  "Woodlands": [
    103.788235,
    1.43973
  ],
  "Woodlands Galaxy": [
    103.802611,
    1.439042
  ],
  "Yew Tee": [
    103.744728,
    1.394918
  ],
  "Yio Chu Kang": [
    103.841428,
    1.381517
  ],
  "Yishun Link": [
    103.846399,
    1.425036
  ],
  "Yuhua": [
    103.737066,
    1.339973
  ],
  "Zhenghua": [
    103.771521,
    1.386807
  ],
  "PAssion WaVe @ Bedok Reservoir": [
    103.93301,
    1.341263
  ],
  "PAssion WaVe @ East Coast": [
    103.952223,
    1.311728
  ],
  "PAssion WaVe @ Jurong Lake Gardens": [
    103.727299,
    1.33936
  ]
}