{
  "Sultan Mosque": [
    103.859364,
    1.30254
  ],
  "St. Andrew's Cathedral": [
    103.852193,
    1.292188
  ],
  "Tan Si Chong Su": [
    103.84292,
    1.289096
  ],
  "Former Fullerton Building": [
    103.853063,
    1.286345
  ],
  "Asian Civilisations Museum": [
    103.851422,
    1.28757
  ],
  "Goodwood Park Hotel": [
    103.834127,
    1.308122
  ],
  "Victoria Theatre and Concert Hall": [
    103.851521,
    1.28815
  ],
  "Ying Fo Fui Kun": [
    103.848464,
    1.282502
  ],
  "Armenian Apostolic Church of Saint Gregory the Illuminator": [
    103.849074,
    1.293002
  ],
  "Tan Teck Guan Building": [
    103.83333,
    1.28055
  ],
  "The Cathay": [
    103.847853,
    1.299332
  ],
  "Former Thong Chai Medical Institution": [
    103.845434,
    1.287416
  ],
  "Tou Mu Kung Temple": [
    103.878845,
    1.355271
  ],
  "Singapore Conference Hall": [
    103.84897,
    1.276201
  ],
  "Changi Prison Gate Wall and Turrets": [
    103.969628,
    1.356418
  ],
  "Singapore Art Museum": [
    103.851051,
    1.297259
  ],
  "Parliament House Block C": [
    103.850833,
    1.289117
  ],
  "Former Nanyang University Library and Administration Building, Memorial and Arch": [
    103.683124,
    1.348315
  ],
  "Church of the Nativity of the Blessed Virgin Mary": [
    103.898218,
    1.373626
  ],
  "St. George's Church": [
    103.815131,
    1.30479
  ],
  "St Joseph's Church": [
    103.853152,
    1.298358
  ],
  "Yueh Hai Ching Temple": [
    103.849261,
    1.284581
  ],
  "CHIJMES": [
    103.85216,
    1.295594
  ],
  "Abdul Gafoor Mosque": [
    103.853691,
    1.304485
  ],
  "Al-Abrar Mosque": [
    103.847153,
    1.280502
  ],
  "Church of Saints Peter and Paul": [
    103.851269,
    1.29788
  ],
  "Chinese High School Clock Tower": [
    103.801426,
    1.325111
  ],
  "Istana Kampong Gelam": [
    103.860107,
    1.302421
  ],
  "Chesed-El Synagogue": [
    103.842664,
    1.297257
  ],
  "Former City Hall": [
    103.851837,
    1.290886
  ],
  "College of Medicine Building": [
    103.834177,
    1.280846
  ],
  "Hajjah Fatimah Mosque": [
    103.862861,
    1.302889
  ],
  "Jamae Mosque": [
    103.845338,
    1.2832
  ],
  "MacDonald House": [
    103.846126,
    1.299209
  ],
  "Lian Shan Shuang Lin Monastery": [
    103.857343,
    1.330345
  ],
  "The Istana and Sri Temasek": [
    103.843292,
    1.307131
  ],
  "Lau Pa Sat": [
    103.850425,
    1.280538
  ],
  "Former Supreme Court": [
    103.851259,
    1.289747
  ],
  "Family Justice Courts": [
    103.843044,
    1.286742
  ],
  "Sri Mariamman Temple": [
    103.845306,
    1.282518
  ],
  "Sri Perumal Temple": [
    103.855903,
    1.313329
  ],
  "Thian Hock Keng": [
    103.847489,
    1.28111
  ],
  "Cathedral of the Good Shepherd": [
    103.851236,
    1.296032
  ],
  "Sri Thendayuthapani Temple": [
    103.843195,
    1.294261
  ],
  "Alkaff Upper Serangoon Mosque": [
    103.870358,
    1.332938
  ],
  "Jurong Town Hall": [
    103.742211,
    1.328984
  ],
  "Memories at Old Ford Factory": [
    103.769162,
    1.352943
  ],
  "NUS Campus at Bukit Timah": [
    103.816846,
    1.318323
  ],
  "Bowyer Block": [
    103.836289,
    1.280736
  ],
  "Church of St Teresa": [
    103.827888,
    1.272781
  ],
  "Former St James Power Station": [
    103.824848,
    1.264685
  ],
  "Former Command House": [
    103.819148,
    1.325597
  ],
  "Esplanade Park Memorials": [
    103.853389,
    1.289684
  ],
  "Former Tanjong Pagar Railway Station": [
    103.8369,
    1.272797
  ],
  "Civilian War Memorial": [
    103.854717,
    1.292883
  ],
  "Chung Cheng High School": [
    103.890715,
    1.305363
  ],
  "Former Hill Street Police Station": [
    103.848273,
    1.290885
  ],
  "The Arts House": [
    103.850804,
    1.28875
  ],
  "Raffles Hotel": [
    103.854274,
    1.294935
  ],
  "National Museum of Singapore": [
    103.848486,
    1.296662
  ],
  "Sun Yat Sen Nanyang Memorial Hall": [
    103.847253,
    1.328135
  ],
  "Singapore River Bridges: Cavenagh Bridge, Anderson Bridge and Elgin Bridge": [
    103.850695,
    1.287757
  ],
  "Church of Our Lady of Lourdes": [
    103.856071,
    1.303211
  ],
  "Former Admiralty House": [
    103.824544,
    1.447378
  ],
  "Maghain Aboth Synagogue": [
    103.850599,
    1.298273
  ],
  "Central Fire Station": [
    103.849189,
    1.292154
  ],
  "Former House of Tan Yeok Nee": [
    103.843242,
    1.298499
  ],
  "Hong San See": [
    103.840857,
    1.293303
  ],
  "The Peranakan Museum": [
    103.849164,
    1.294236
  ],
  "Former Nagore Dargah": [
    103.847801,
    1.281457
  ],
  "Prinsep Street Presbyterian Church": [
    103.85111,
    1.301714
  ],
  "Telok Ayer Chinese Methodist Church": [
    103.846991,
    1.278474
  ],
  "Former Keng Teck Whay Building": [
    103.847697,
    1.281202
  ]
}