{
  "National Gallery": [
    103.851356,
    1.29
  ],
  "Sultan Mosque": [
    103.859171,
    1.302
  ],
  "Sri Mariamman Temple": [
    103.84538,
    1.282
  ],
  "Armenian Church": [
    103.84966,
    1.293
  ],
  "CHIJMES": [
    103.85168,
    1.295
  ],
  "St Andrew's Cathedral": [
    103.85231,
    1.292
  ],
  "Kreta Ayer Square": [
    103.843585,
    1.281198
  ],
  "Albert Mall Trishaw Park": [
    103.853485,
    1.299549
  ],
  "Chinatown Food Street": [
    103.843792,
    1.282553
  ],
  "Chinatown Heritage Centre": [
    103.84435,
    1.284
  ],
  "Thian Hock Keng Temple": [
    103.84763,
    1.281
  ],
  "Eurasian Heritage Centre": [
    103.89942,
    1.31
  ],
  "Shophouses": [
    103.837336,
    1.277
  ],
  "Capitol Building": [
    103.85157,
    1.294
  ],
  "Esplanade Theatre": [
    103.85528,
    1.29
  ],
  "Gardens by the Bay": [
    103.863613,
    1.282
  ],
  "The Interlace": [
    103.80305,
    1.282
  ],
  "PARKROYAL on Pickering": [
    103.846522,
    1.286
  ],
  "Lasalle College of the Arts": [
    103.8516,
    1.303
  ],
  "Kranji War Memorial Landmark": [
    103.75749,
    1.419
  ],
  "Indian National Army Monument": [
    103.854217,
    1.29
  ],
  "Reflections at Bukit Chandu": [
    103.79433,
    1.28
  ],
  "The Cenotaph": [
    103.853838,
    1.29
  ],
  "The Civilian War Memorial park": [
    103.854618,
    1.293
  ],
  "Sri Veeramakaliamman Temple": [
    103.85258,
    1.308
  ],
  "Maghain Aboth Synagogue": [
    103.85081,
    1.298
  ],
  "Old Supreme Court": [
    103.85128,
    1.29
  ],
  "SIT Flats": [
    103.8336,
    1.284
  ],
  "Lau Pa Sat": [
    103.85044,
    1.281
  ],
  "Malay Heritage Centre": [
    103.85986,
    1.303
  ],
  "Peranakan Museum": [
    103.8492,
    1.294
  ],
  "Raffles": [
    103.85404,
    1.296
  ],
  "Gillman Barracks": [
    103.80459,
    1.278
  ],
  "Art Science Museum": [
    103.85929,
    1.286
  ],
  "Jamae Mosque": [
    103.84554,
    1.283
  ],
  "Institute of Contemporary Arts": [
    103.8516,
    1.303
  ],
  "Singapore Flyer": [
    103.863137,
    1.289
  ],
  "Marina Barrage": [
    103.87159,
    1.281
  ],
  "Henderson Waves Bridge": [
    103.815254,
    1.276
  ],
  "Pinnacle@Duxton": [
    103.84142,
    1.275
  ],
  "Hajjah Fatimah Mosque": [
    103.86285,
    1.303
  ],
  "Haw Par Villa": [
    103.78314,
    1.286
  ],
  "NUS Baba House": [
    103.83731,
    1.277
  ],
  "Hong San See Temple": [
    103.841222,
    1.293
  ],
  "Chinese Heritage Centre": [
    103.68398,
    1.344
  ],
  "Kampong Glam": [
    103.8595,
    1.302
  ],
  "Contemporary Arts Center": [
    103.8045,
    1.275
  ],
  "Red Dot Design Museum": [
    103.84572,
    1.278
  ],
  "Singapore Art Museum": [
    103.851068,
    1.297
  ],
  "Esplanade Theatres on the Bay": [
    103.85528,
    1.29
  ],
  "National Design Centre": [
    103.85351,
    1.299
  ],
  "Victoria Theatre": [
    103.851641,
    1.288
  ],
  "NUS University Museum": [
    103.772686,
    1.302
  ],
  "Sun Yat Sen Memorial Hall": [
    103.84692,
    1.328
  ],
  "Asian Civilisations Museum": [
    103.851723,
    1.287
  ],
  "National Museum of Singapore": [
    103.84883,
    1.297
  ],
  "The Japanese Cemetery Park": [
    103.87584,
    1.364
  ],
  "Dalhousie Obelisk": [
    103.85238,
    1.287
  ],
  "Raffles Statue": [
    103.850845,
    1.288
  ],
  "Singapore Philatelic Museum": [
    103.8487,
    1.293
  ],
  "Old Ford Factory Singapore Museum": [
    103.76883,
    1.352
  ],
  "Singapore Coins and Notes Museum": [
    103.84452,
    1.283
  ],
  "Singapore City Gallery": [
    103.84513,
    1.28
  ],
  "Changi Museum": [
    103.97403,
    1.362
  ],
  "MINT Museum of Toys": [
    103.85439,
    1.296
  ],
  "Lim Bo Seng Memorial": [
    103.853027,
    1.288
  ],
  "Universal Studios": [
    103.823808,
    1.254
  ],
  "Singapore Science Centre": [
    103.735872,
    1.333
  ],
  "Fuk Tak Chi Museum": [
    103.84887,
    1.283
  ],
  "Katong Antique House": [
    103.90714,
    1.307
  ],
  "Chinese Garden": [
    103.73,
    1.339
  ],
  "East Coast Park": [
    103.912187,
    1.301
  ],
  "Fort Canning Park": [
    103.846509,
    1.295
  ],
  "Kusu Island": [
    103.860523,
    1.223
  ],
  "Jurong Bird Park": [
    103.706442,
    1.319
  ],
  "HortPark": [
    103.799724,
    1.279
  ],
  "Adventure Cove Waterpark": [
    103.819525,
    1.257
  ],
  "Singapore River": [
    103.84676,
    1.288
  ],
  "Joo Chiat": [
    103.90448,
    1.306
  ],
  "Sentosa Island": [
    103.82809,
    1.249
  ],
  "Chinatown": [
    103.843771,
    1.282
  ],
  "Buddha Tooth Relic Temple": [
    103.84438,
    1.282
  ],
  "Labrador Nature Reserve": [
    103.801944,
    1.266
  ],
  "Marina Bay": [
    103.856454,
    1.28
  ],
  "Marina Bay Sands": [
    103.85899,
    1.284
  ],
  "Chek Jawa": [
    103.96371,
    1.408
  ],
  "Merlion Park": [
    103.854552,
    1.287
  ],
  "Marina Bay Sands SkyPark": [
    103.86081,
    1.283
  ],
  "Resorts World Sentosa": [
    103.82033,
    1.257
  ],
  "Singapore Garden": [
    103.817589,
    1.281
  ],
  "Sungei Buloh": [
    103.730149,
    1.447
  ],
  "S.E.A. Aquarium": [
    103.819493,
    1.257
  ],
  "Singapore Botanic Gardens": [
    103.815914,
    1.314
  ],
  "Singapore Zoo": [
    103.793023,
    1.404
  ],
  "River Safari": [
    103.789423,
    1.404
  ],
  "Mount Faber": [
    103.819206,
    1.271
  ],
  "Night Safari": [
    103.788061,
    1.402
  ],
  "Pulau Ubin": [
    103.959261,
    1.414
  ],
  "Little India": [
    103.84982,
    1.307
  ],
  "Orchard Road": [
    103.83249,
    1.304
  ],
  "MacRitchie": [
    103.822346,
    1.345
  ],
  "Civic District": [
    103.85222,
    1.293
  ],
  "HarbourFront": [
    103.82057,
    1.265
  ],
  "Bras Basah": [
    103.85624,
    1.301
  ]
}