{
  "100 AM": [
    103.8435,
    1.2749
  ],
  "111 Somerset": [
    103.8376,
    1.30019
  ],
  "313 Somerset": [
    103.8384,
    1.3009
  ],
  "321 Clementi": [
    103.765,
    1.312
  ],
  "888 Plaza": [
    103.7955,
    1.43802
  ],
  "Admiralty Place": [
    103.80154,
    1.4404
  ],
  "Alexandra Central": [
    103.80528,
    1.28736
  ],
  "Alexandra Retail Centre": [
    103.8015,
    1.2739
  ],
  "AMK Hub": [
    103.8486,
    1.3693
  ],
  "Anchorpoint": [
    103.8051,
    1.2888
  ],
  "Aperia": [
    103.8638,
    1.3105
  ],
  "Balestier Hill Shopping Centre": [
    103.84278,
    1.32588
  ],
  "Beauty World Centre": [
    103.7766,
    1.3423
  ],
  "Beauty World Plaza": [
    103.7763,
    1.3418
  ],
  "Bedok Mall": [
    103.9294,
    1.3247
  ],
  "Bedok Point": [
    103.932364166666,
    1.32490638888888
  ],
  "Bedok Town Center": [
    103.9316,
    1.3245
  ],
  "Boon Lay Shopping Centre": [
    103.7124,
    1.3464
  ],
  "Broadway Plaza": [
    103.845973776855,
    1.37193646369426
  ],
  "Buangkok Square": [
    103.88162,
    1.38433
  ],
  "Bugis Cube": [
    103.855655544739,
    1.29819500487878
  ],
  "Bugis Junction": [
    103.85527778,
    1.2993
  ],
  "Bugis+": [
    103.8542,
    1.299617
  ],
  "Bugis Street": [
    103.8549,
    1.3006
  ],
  "Bukit Panjang Plaza": [
    103.7643,
    1.38
  ],
  "Bukit Timah Plaza": [
    103.778585430975,
    1.3386316527745
  ],
  "Bukit Timah Shopping Centre": [
    103.77595,
    1.3432
  ],
  "Canberra Plaza": [
    103.830461944444,
    1.44325666666666
  ],
  "Capitol Singapore": [
    103.8512,
    1.293
  ],
  "Cathay Cineleisure Orchard": [
    103.8365,
    1.3015
  ],
  "Causeway Point": [
    103.786,
    1.4361
  ],
  "Century Square": [
    103.94382,
    1.35237
  ],
  "Changi Airport T3": [
    103.9865,
    1.3563
  ],
  "Changi Airport T4": [
    103.9835,
    1.338
  ],
  "Changi City Point": [
    103.96267,
    1.33405
  ],
  "Chinatown Point": [
    103.845,
    1.2852
  ],
  "City Gate Mall": [
    103.8624,
    1.3023
  ],
  "City Plaza": [
    103.893418325845,
    1.31480522272254
  ],
  "City Square Mall": [
    103.8566,
    1.3114
  ],
  "CityLink Mall": [
    103.8552,
    1.2913
  ],
  "Clarke Quay Central": [
    103.8466,
    1.289
  ],
  "Clementi Mall": [
    103.7645,
    1.3151
  ],
  "Compass One": [
    103.895,
    1.392
  ],
  "Djitsun Mall": [
    103.84765,
    1.3729
  ],
  "Djitsun Mall Bedok": [
    103.9296,
    1.32605
  ],
  "Downtown East": [
    103.95513,
    1.377
  ],
  "DUO": [
    103.85840168774,
    1.29953434891664
  ],
  "East Village": [
    103.946201241591,
    1.3317758150305
  ],
  "Eastpoint Mall": [
    103.953083333333,
    1.34272222222222
  ],
  "Elias Mall": [
    103.942,
    1.3786
  ],
  "FairPrice Hub": [
    103.6784,
    1.32697
  ],
  "Fajar Shopping Centre": [
    103.771,
    1.3838
  ],
  "Far East Plaza": [
    103.8336,
    1.3072
  ],
  "Funan": [
    103.8501,
    1.2913
  ],
  "Galaxis": [
    103.788101008571,
    1.29986251400969
  ],
  "Gek Poh Shopping Centre": [
    103.69773963001,
    1.34874164662883
  ],
  "Golden Mile Complex": [
    103.86521,
    1.30273
  ],
  "Grandstand Car Mall": [
    103.7936,
    1.3377
  ],
  "Grantral Mall": [
    103.765097562497,
    1.31423131705905
  ],
  "Great World City": [
    103.831944444444,
    1.29361111111111
  ],
  "Greenridge Shopping Centre": [
    103.766235457752,
    1.38541768689995
  ],
  "Greenwich V": [
    103.8694,
    1.3874
  ],
  "HarbourFront Centre": [
    103.8203,
    1.2642
  ],
  "HDB Hub": [
    103.8486,
    1.3319945640368
  ],
  "Heartland Mall": [
    103.885161111111,
    1.35954166666666
  ],
  "HillV2": [
    103.7643,
    1.3634
  ],
  "Hillion Mall": [
    103.7633,
    1.3785
  ],
  "Holland Road Shopping Centre": [
    103.7955,
    1.3104
  ],
  "Hougang 1": [
    103.8795,
    1.3757
  ],
  "Hougang Green Shopping Mall": [
    103.887847089168,
    1.37931783471773
  ],
  "Hougang Mall": [
    103.8938,
    1.37245
  ],
  "iMall": [
    103.906545823213,
    1.30312098084266
  ],
  "I12 Katong": [
    103.905,
    1.3052
  ],
  "Icon Village": [
    103.8446,
    1.27515
  ],
  "IKEA Alexandra": [
    103.806034849631,
    1.28796619500179
  ],
  "IKEA Tampines": [
    103.9323,
    1.3742
  ],
  "IMM": [
    103.7467,
    1.3347
  ],
  "ION Orchard": [
    103.831666666666,
    1.304
  ],
  "JCube": [
    103.7402,
    1.33326
  ],
  "Jem": [
    103.74338,
    1.3332
  ],
  "Jewel Changi Airport": [
    103.9898,
    1.36
  ],
  "Jubilee Square": [
    103.8478,
    1.3718
  ],
  "Junction 10": [
    103.7602,
    1.380289
  ],
  "Junction 8": [
    103.848774999999,
    1.35064444444444
  ],
  "Junction Nine": [
    103.8416,
    1.4331
  ],
  "Jurong Point": [
    103.706388888888,
    1.33999999999999
  ],
  "Kallang Wave Mall": [
    103.872916666666,
    1.30319444444444
  ],
  "Katong Shopping Centre": [
    103.9012,
    1.3039
  ],
  "Katong Square": [
    103.904298449329,
    1.30511658648128
  ],
  "Katong V": [
    103.903,
    1.3036
  ],
  "Keat Hong Shopping Centre": [
    103.744383225412,
    1.37743963497469
  ],
  "KINEX": [
    103.8948,
    1.3147
  ],
  "Knightsbridge": [
    103.836283923443,
    1.3029831225958
  ],
  "Le Quest": [
    103.7412,
    1.3558
  ],
  "Leisure Park Kallang": [
    103.8764,
    1.3022
  ],
  "Limbang Shopping Centre": [
    103.743611063324,
    1.39222033136152
  ],
  "Lot One": [
    103.745,
    1.3851223
  ],
  "Loyang Point": [
    103.9644026,
    1.3669313
  ],
  "Lucky Plaza": [
    103.833855555555,
    1.304475
  ],
  "Mandarin Gallery": [
    103.8368,
    1.3019
  ],
  "Marina Bay Link Mall": [
    103.854,
    1.28004
  ],
  "Marina Bay Sands Shoppes": [
    103.859,
    1.2835
  ],
  "Marina One": [
    103.853,
    1.27714
  ],
  "Marina Square": [
    103.857499999999,
    1.29111111111111
  ],
  "Marsiling Mall": [
    103.779746860157,
    1.43351253520759
  ],
  "Marina Bay Financial Centre Tower 3": [
    103.854457600432,
    1.27912493489912
  ],
  "Midpoint Orchard": [
    103.838660627347,
    1.30178378195546
  ],
  "Millenia Walk": [
    103.8598,
    1.2928
  ],
  "Mustafa Centre": [
    103.855833333333,
    1.30972222222222
  ],
  "NEX": [
    103.87242,
    1.35072
  ],
  "Ngee Ann City": [
    103.8346,
    1.3026
  ],
  "Northpoint City": [
    103.836111111111,
    1.42816666666666
  ],
  "Northshore Plaza": [
    103.9018,
    1.4168
  ],
  "Oasis Terraces": [
    103.913175,
    1.402767
  ],
  "One Fullerton": [
    103.854,
    1.2859
  ],
  "One Holland Village": [
    103.794039014348,
    1.31113116914344
  ],
  "one-north": [
    103.789103511502,
    1.30328664201626
  ],
  "One Raffles Place": [
    103.8511,
    1.2842
  ],
  "Orchard Central": [
    103.8399,
    1.3006
  ],
  "Orchard Gateway": [
    103.854408,
    1.299617
  ],
  "Orchard Plaza": [
    103.841151770727,
    1.30126533034758
  ],
  "Orchard Shopping Centre": [
    103.83788829913,
    1.30148499762744
  ],
  "Our Tampines Hub": [
    103.9406,
    1.3529
  ],
  "Palais Renaissance": [
    103.829588045188,
    1.30665484543191
  ],
  "Parkway Parade": [
    103.9053,
    1.3014
  ],
  "Paya Lebar Quarter": [
    103.8929,
    1.3175
  ],
  "Paya Lebar Square": [
    103.8926,
    1.3188
  ],
  "Peninsula Plaza": [
    103.850804507292,
    1.29232248414934
  ],
  "People's Park Centre": [
    103.843865,
    1.28584416666666
  ],
  "People's Park Complex": [
    103.8426,
    1.28405555555555
  ],
  "Pioneer Mall": [
    103.6973,
    1.3418
  ],
  "Plaza Singapura": [
    103.844891666666,
    1.300725
  ],
  "Punggol Plaza": [
    103.9131,
    1.3941917
  ],
  "Queensway Shopping Centre": [
    103.803611111111,
    1.28749999999999
  ],
  "Raffles City": [
    103.8532,
    1.2938
  ],
  "Rail Mall": [
    103.7679,
    1.3581
  ],
  "Resorts World Sentosa": [
    103.820168913018,
    1.2568824473231
  ],