{
  "\u8521\u539d\u6e2f (BP1)": [
    103.744444,
    1.385
  ],
  "\u6cd5\u5609 (BP10)": [
    103.770833,
    1.384444
  ],
  "\u5b9e\u52a0 (BP11)": [
    103.769444,
    1.387778
  ],
  "\u6cfd\u62c9\u90a6 (BP12)": [
    103.764444,
    1.386667
  ],
  "\u4fe1\u4f73 (BP13)": [
    103.762222,
    1.382778
  ],
  "\u5341\u91cc\u5e7f\u573a (BP14)": [
    103.76,
    1.380278
  ],
  "\u5357\u666f (BP2)": [
    103.745278,
    1.380278
  ],
  "\u5409\u4e30 (BP3)": [
    103.748889,
    1.378611
  ],
  "\u5fb7\u60e0 (BP4)": [
    103.753611,
    1.376667
  ],
  "\u51e4\u51f0 (BP5)": [
    103.758056,
    1.378611
  ],
  "\u6b66\u5409\u73ed\u8ba9 (BP6)": [
    103.761667,
    1.378333
  ],
  "\u67cf\u63d0 (BP7)": [
    103.766667,
    1.377778
  ],
  "\u79c9\u5b9a (BP8)": [
    103.771111,
    1.376111
  ],
  "\u4e07\u5409 (BP9)": [
    103.7725,
    1.38
  ],
  "\u591a\u7f8e\u6b4c (CC1)": [
    103.845833,
    1.299167
  ],
  "\u9ea6\u6ce2\u7533 (CC10)": [
    103.89,
    1.326667
  ],
  "\u5927\u6210 (CC11)": [
    103.888056,
    1.335833
  ],
  "\u5df4\u7279\u793c (CC12)": [
    103.879722,
    1.342778
  ],
  "\u5b9e\u9f99\u5c97 (CC13)": [
    103.873056,
    1.35
  ],
  "\u7f57\u5f04\u6cc9 (CC14)": [
    103.864167,
    1.351667
  ],
  "\u78a7\u5c71 (CC15)": [
    103.848333,
    1.351111
  ],
  "\u739b\u4e3d\u8499 (CC16)": [
    103.839444,
    1.349167
  ],
  "\u52a0\u5229\u8c37 (CC17)": [
    103.839444,
    1.337778
  ],
  "\u6b66\u5409\u5e03\u6717 (CC18)": [
    103.83,
    1.333611
  ],
  "\u690d\u7269\u56ed (CC19)": [
    103.815278,
    1.3225
  ],
  "\u767e\u80dc (CC2)": [
    103.850556,
    1.296944
  ],
  "\u82b1\u62c9\u8def (CC20)": [
    103.8075,
    1.317222
  ],
  "\u8377\u5170\u6751 (CC21)": [
    103.796111,
    1.311944
  ],
  "\u6ce2\u90a3\u7ef4\u65af\u8fbe (CC22)": [
    103.790028,
    1.307333
  ],
  "\u7eac\u58f9 (CC23)": [
    103.786944,
    1.299444
  ],
  "\u80af\u7279\u5c97 (CC24)": [
    103.784444,
    1.293333
  ],
  "\u864e\u8c79\u522b\u5885 (CC25)": [
    103.781944,
    1.2825
  ],
  "\u5df4\u897f\u73ed\u8ba9 (CC26)": [
    103.791389,
    1.276111
  ],
  "\u62c9\u67cf\u591a\u516c\u56ed (CC27)": [
    103.802778,
    1.272222
  ],
  "\u76f4\u843d\u5e03\u5170\u96c5 (CC28)": [
    103.809722,
    1.270556
  ],
  "\u6e2f\u6e7e (CC29)": [
    103.822222,
    1.265278
  ],
  "\u6ee8\u6d77\u4e2d\u5fc3 (CC3)": [
    103.855278,
    1.293333
  ],
  "\u5409\u5b9d (CC30)": [
    103.830278,
    1.27
  ],
  "\u5e7f\u4e1c\u6c11 (CC31)": [
    103.836667,
    1.272778
  ],
  "\u7231\u5fb7\u534e\u592a\u5b50\u8def (CC32)": [
    103.847222,
    1.273333
  ],
  "\u5b9d\u95e8\u5eca (CC4)": [
    103.861111,
    1.293056
  ],
  "\u5c3c\u8bf0\u5927\u9053 (CC5)": [
    103.863611,
    1.299722
  ],
  "\u4f53\u80b2\u573a (CC6)": [
    103.875278,
    1.302778
  ],
  "\u8499\u5df4\u767b (CC7)": [
    103.8825,
    1.306389
  ],
  "\u8fbe\u79d1\u8fbe (CC8)": [
    103.888333,
    1.308333
  ],
  "\u5df4\u8036\u5229\u5cc7 (CC9)": [
    103.8925,
    1.317778
  ],
  "\u5b9d\u95e8\u5eca (CE)": [
    103.861111,
    1.293056
  ],
  "\u6d77\u6e7e\u822b (CE1)": [
    103.859444,
    1.282222
  ],
  "\u6ee8\u6d77\u6e7e (CE2)": [
    103.854675,
    1.276097
  ],
  "\u5b9d\u95e8\u5eca (CC35)": [
    103.861111,
    1.293056
  ],
  "\u6d77\u6e7e\u822b (CC34)": [
    103.859444,
    1.282222
  ],
  "\u6ee8\u6d77\u6e7e (CC33)": [
    103.854675,
    1.276097
  ],
  "\u4e39\u90a3\u7f8e\u62c9 (CG)": [
    103.946344,
    1.327358
  ],
  "\u535a\u89c8 (CG1)": [
    103.961767,
    1.335469
  ],
  "\u6a1f\u5b9c\u673a\u573a (CG2)": [
    103.988836,
    1.357372
  ],
  "\u5df4\u897f\u7acb (CP1)": [
    103.949369,
    1.372411
  ],
  "\u4f0a\u83b1\u96c5 (CP2)": [
    103.938056,
    1.383889
  ],
  "\u91cc\u7ef4\u62c9 (CP3)": [
    103.916772,
    1.394439
  ],
  "\u699c\u9e45 (CP4)": [
    103.9025,
    1.405278
  ],
  "\u8fbe\u7ef4\u58eb\u7b03 (CR10)": [
    103.863333,
    1.37
  ],
  "\u5b8f\u8302\u6865 (CR11)": [
    103.84945,
    1.370017
  ],
  "\u5fb7\u4e49 (CR12)": [
    103.843611,
    1.365556
  ],
  "\u5149\u660e\u5c71 (CR13)": [
    103.832222,
    1.361667
  ],
  "\u9a6c\u57ce (CR14)": [
    103.793536,
    1.340603
  ],
  "\u963f\u5c14\u67cf\u738b\u56ed (CR15)": [
    103.783365,
    1.335283
  ],
  "\u9a6c\u88d5 (CR16)": [
    103.776148,
    1.3272925
  ],
  "\u91d1\u6587\u6cf0 (CR17)": [
    103.765116,
    1.314732
  ],
  "\u897f\u6d77\u5cb8 (CR18)": [
    103.757727,
    1.310367
  ],
  "\u88d5\u5eca\u6e56\u533a (CR19)": [
    103.739188,
    1.32726
  ],
  "\u822a\u7a7a\u56ed (CR2)": [
    104.003056,
    1.37
  ],
  "\u7f57\u592e (CR3)": [
    103.971944,
    1.371944
  ],
  "\u5df4\u897f\u7acb\u4e1c (CR4)": [
    103.961111,
    1.366111
  ],
  "\u5df4\u897f\u7acb (CR5)": [
    103.949369,
    1.372411
  ],
  "\u6de1\u6ee8\u5c3c\u5317 (CR6)": [
    103.937778,
    1.369167
  ],
  "\u5fb7\u798f (CR7)": [
    103.898889,
    1.362222
  ],
  "\u540e\u6e2f (CR8)": [
    103.892222,
    1.371389
  ],
  "\u5b9e\u9f99\u5c97\u5317 (CR9)": [
    103.873611,
    1.370556
  ],
  "\u53cc\u6eaa\u52a0\u682a (DT)": [
    103.748711,
    1.413204
  ],
  "\u6b66\u5409\u73ed\u8ba9 (DT1)": [
    103.761667,
    1.378333
  ],
  "\u53f2\u8482\u82ac (DT10)": [
    103.826111,
    1.32
  ],
  "\u7ebd\u987f (DT11)": [
    103.838333,
    1.313056
  ],
  "\u5c0f\u5370\u5ea6 (DT12)": [
    103.849167,
    1.306667
  ],
  "\u68a7\u69fd (DT13)": [
    103.852581,
    1.303764
  ],
  "\u6b66\u5409\u58eb (DT14)": [
    103.856111,
    1.300278
  ],
  "\u5b9d\u95e8\u5eca (DT15)": [
    103.861111,
    1.293056
  ],
  "\u6d77\u6e7e\u822b (DT16)": [
    103.859444,
    1.282222
  ],
  "\u5e02\u4e2d\u5fc3 (DT17)": [
    103.853056,
    1.279444
  ],
  "\u76f4\u843d\u4e9a\u9038 (DT18)": [
    103.848333,
    1.282222
  ],
  "\u725b\u8f66\u6c34 (DT19)": [
    103.843889,
    1.284722
  ],
  "\u51ef\u79c0 (DT2)": [
    103.764722,
    1.368889
  ],
  "\u798f\u5eb7\u5b81 (DT20)": [
    103.844325,
    1.292481
  ],
  "\u660e\u53e4\u8fde (DT21)": [
    103.850278,
    1.298889
  ],
  "\u60f9\u5170\u52ff\u5239 (DT22)": [
    103.855278,
    1.305556
  ],
  "\u660e\u5730\u8ff7\u4e9a (DT23)": [
    103.861389,
    1.314167
  ],
  "\u82bd\u7b3c\u5cc7\u9c81 (DT24)": [
    103.871389,
    1.321389
  ],
  "\u739b\u8fbe (DT25)": [
    103.882778,
    1.327222
  ],
  "\u9ea6\u6ce2\u7533 (DT26)": [
    103.89,
    1.326667
  ],
  "\u4e4c\u7f8e (DT27)": [
    103.9,
    1.33
  ],
  "\u52a0\u57fa\u6b66\u5409 (DT28)": [
    103.908889,
    1.335
  ],
  "\u52ff\u6d1b\u5317 (DT29)": [
    103.917778,
    1.336389
  ],
  "\u5c71\u666f (DT3)": [
    103.7675,
    1.3625
  ],
  "\u52ff\u6d1b\u84c4\u6c34\u6c60 (DT30)": [
    103.930833,
    1.336667
  ],
  "\u6de1\u6ee8\u5c3c\u897f (DT31)": [
    103.938333,
    1.345556
  ],
  "\u6de1\u6ee8\u5c3c (DT32)": [
    103.945322,
    1.352528
  ],
  "\u6de1\u6ee8\u5c3c\u4e1c (DT33)": [
    103.954722,
    1.356389
  ],
  "\u6a1f\u5b9c\u4e0a\u6bb5 (DT34)": [
    103.961389,
    1.341944
  ],
  "\u535a\u89c8 (DT35)": [
    103.961767,
    1.335469
  ],
  "\u9521\u6797 (DT36)": [
    103.965,
    1.328889
  ],
  "\u53cc\u6eaa\u52ff\u6d1b (DT37)": [
    103.957222,
    1.320278
  ],
  "\u8c26\u9053 (DT4)": [
    103.769167,
    1.354722
  ],
  "\u7f8e\u4e16\u754c (DT5)": [
    103.775833,
    1.341111
  ],
  "\u963f\u5c14\u67cf\u738b\u56ed (DT6)": [
    103.783889,
    1.335556
  ],
  "\u7b2c\u516d\u9053 (DT7)": [
    103.7975,
    1.330833
  ],
  "\u9648\u5609\u5e9a (DT8)": [
    103.807222,
    1.326111
  ],
  "\u690d\u7269\u56ed (DT9)": [
    103.815278,
    1.3225
  ],
  "\u5df4\u897f\u7acb (EW1)": [
    103.949369,
    1.372411
  ],
  "\u52a0\u51b7 (EW10)": [
    103.8714,
    1.311469
  ],
  "\u52b3\u660e\u8fbe (EW11)": [
    103.863008,
    1.307167
  ],
  "\u6b66\u5409\u58eb (EW12)": [
    103.856111,
    1.300278
  ],
  "\u653f\u5e9c\u5927\u53a6 (EW13)": [
    103.852219,
    1.293239
  ],