{
  "Jurong West (Public Library)": [
    103.704512,
    1.340636
  ],
  "library@chinatown": [
    103.844943,
    1.285261
  ],
  "library@orchard": [
    103.839669,
    1.300408
  ],
  "Marine Parade (Public Library)": [
    103.90945,
    1.304799
  ],
  "National Archives of Singapore": [
    103.848437,
    1.29333
  ],
  "Singapore Botanic Gardens' (Library)": [
    103.81819,
    1.308446
  ],
  "Tampines (Regional Library)": [
    103.940269,
    1.353332
  ],
  "The LLiBrary": [
    103.892338,
    1.319655
  ],
  "Toa Payoh (Public Library)": [
    103.850969,
    1.333625
  ],
  "Woodlands (Regional Library)": [
    103.786928,
    1.435037
  ],
  "Yishun (Public Library)": [
    103.835803,
    1.429715
  ],
  "Choa Chu Kang (Public Library)": [
    103.745039,
    1.384959
  ],
  "Central (Public Library)": [
    103.854235,
    1.29742
  ],
  "Cheng San (Public Library)": [
    103.893775,
    1.372573
  ],
  "Clementi (Public Library)": [
    103.764306,
    1.315062
  ],
  "Geylang East (Public Library)": [
    103.885837,
    1.317443
  ],
  "Harbour Front (Public Library)": [
    103.821631,
    1.263922
  ],
  "Jurong (Regional Library)": [
    103.739243,
    1.332895
  ],
  "Punggol (Regional Library)": [
    103.905336,
    1.40932
  ],
  "Ang Mo Kio (Public Library)": [
    103.845581,
    1.37479
  ],
  "Bedok (Public Library)": [
    103.931691,
    1.326989
  ],
  "Bishan (Public Library)": [
    103.84884,
    1.349851
  ],
  "Bukit Batok (Public Library)": [
    103.749275,
    1.349708
  ],
  "National (Library)": [
    103.854287,
    1.297202
  ],
  "Pasir Ris (Public Library)": [
    103.94944,
    1.372358
  ],
  "Queenstown (Public Library)": [
    103.80552,
    1.298713
  ],
  "Sembawang (Public Library)": [
    103.819499,
    1.448197
  ],
  "Sengkang (Public Library)": [
    103.894772,
    1.391641
  ],
  "Serangoon (Public Library)": [
    103.872257,
    1.350727
  ],
  "Bukit Panjang (Public Library)": [
    103.76435,
    1.379936
  ]
}