{
  "Acton Town (Piccadilly)": [
    -0.28,
    51.50278
  ],
  "Acton Town (District)": [
    -0.28,
    51.50278
  ],
  "Aldgate (Metropolitan)": [
    -0.076,
    51.514
  ],
  "Aldgate (Circle)": [
    -0.076,
    51.514
  ],
  "Aldgate East (Hammersmith & City)": [
    -0.0722,
    51.5152
  ],
  "Aldgate East (District)": [
    -0.0722,
    51.5152
  ],
  "Alperton (Piccadilly)": [
    -0.29972,
    51.54083
  ],
  "Angel (Northern)": [
    -0.106,
    51.532
  ],
  "Archway (Northern)": [
    -0.135,
    51.56556
  ],
  "Arnos Grove (Piccadilly)": [
    -0.1335361,
    51.6163222
  ],
  "Arsenal (Piccadilly)": [
    -0.10583,
    51.55861
  ],
  "Baker Street (Metropolitan)": [
    -0.157,
    51.522
  ],
  "Baker Street (Hammersmith & City)": [
    -0.157,
    51.522
  ],
  "Baker Street (Circle)": [
    -0.157,
    51.522
  ],
  "Baker Street (Jubilee)": [
    -0.157,
    51.522
  ],
  "Baker Street (Bakerloo)": [
    -0.157,
    51.522
  ],
  "Barbican (Metropolitan)": [
    -0.0977,
    51.5202
  ],
  "Barbican (Hammersmith & City)": [
    -0.0977,
    51.5202
  ],
  "Barbican (Circle)": [
    -0.0977,
    51.5202
  ],
  "Barkingside (Central)": [
    0.0886,
    51.5848
  ],
  "Barons Court (Piccadilly)": [
    -0.21361,
    51.49056
  ],
  "Barons Court (District)": [
    -0.21361,
    51.49056
  ],
  "Battersea Power Station (Northern)": [
    -0.142,
    51.4795
  ],
  "Bayswater (District)": [
    -0.188,
    51.512
  ],
  "Bayswater (Circle)": [
    -0.188,
    51.512
  ],
  "Becontree (District)": [
    0.12667,
    51.54028
  ],
  "Belsize Park (Northern)": [
    -0.16444,
    51.55028
  ],
  "Bermondsey (Jubilee)": [
    -0.06389,
    51.49806
  ],
  "Bethnal Green (Central)": [
    -0.05556,
    51.52722
  ],
  "Bond Street (Central)": [
    -0.15,
    51.514
  ],
  "Bond Street (Jubilee)": [
    -0.15,
    51.514
  ],
  "Borough (Northern)": [
    -0.093,
    51.501
  ],
  "Boston Manor (Piccadilly)": [
    -0.3252,
    51.4955
  ],
  "Bounds Green (Piccadilly)": [
    -0.12417,
    51.60694
  ],
  "Bow Road (Hammersmith & City)": [
    -0.02472,
    51.52722
  ],
  "Bow Road (District)": [
    -0.02472,
    51.52722
  ],
  "Brent Cross (Northern)": [
    -0.21361,
    51.57667
  ],
  "Brixton (Victoria)": [
    -0.1149,
    51.4626
  ],
  "Bromley-by-Bow (Hammersmith & City)": [
    -0.0113,
    51.524
  ],
  "Bromley-by-Bow (District)": [
    -0.0113,
    51.524
  ],
  "Buckhurst Hill (Central)": [
    0.04694,
    51.62666
  ],
  "Burnt Oak (Northern)": [
    -0.26389,
    51.60278
  ],
  "Caledonian Road (Piccadilly)": [
    -0.11861,
    51.54833
  ],
  "Camden Town (Northern)": [
    -0.1427,
    51.5394
  ],
  "Canary Wharf (Jubilee)": [
    -0.01861,
    51.50361
  ],
  "Canons Park (Jubilee)": [
    -0.29472,
    51.60778
  ],
  "Chalk Farm (Northern)": [
    -0.15333,
    51.54417
  ],
  "Chancery Lane (Central)": [
    -0.111,
    51.518
  ],
  "Charing Cross (Northern)": [
    -0.12472,
    51.50806
  ],
  "Charing Cross (Bakerloo)": [
    -0.12472,
    51.50806
  ],
  "Chesham (Metropolitan)": [
    -0.6113,
    51.7052
  ],
  "Chigwell (Central)": [
    0.07421,
    51.61749
  ],
  "Chiswick Park (District)": [
    -0.26778,
    51.49472
  ],
  "Clapham Common (Northern)": [
    -0.1382,
    51.4617
  ],
  "Clapham North (Northern)": [
    -0.13,
    51.465
  ],
  "Clapham South (Northern)": [
    -0.147,
    51.452778
  ],
  "Cockfosters (Piccadilly)": [
    -0.1488,
    51.6516
  ],
  "Colindale (Northern)": [
    -0.25,
    51.59556
  ],
  "Colliers Wood (Northern)": [
    -0.178,
    51.4183
  ],
  "Covent Garden (Piccadilly)": [
    -0.1243,
    51.513
  ],
  "Croxley (Metropolitan)": [
    -0.4413,
    51.6475
  ],
  "Dagenham East (District)": [
    0.1656,
    51.5444
  ],
  "Dagenham Heathway (District)": [
    0.14694,
    51.54166
  ],
  "Debden (Central)": [
    0.08388,
    51.64527
  ],
  "Dollis Hill (Jubilee)": [
    -0.23861,
    51.55194
  ],
  "Ealing Common (Piccadilly)": [
    -0.28806,
    51.51028
  ],
  "Ealing Common (District)": [
    -0.28806,
    51.51028
  ],
  "Earl's Court (Piccadilly)": [
    -0.1947,
    51.4913
  ],
  "Earl's Court (District)": [
    -0.1947,
    51.4913
  ],
  "East Acton (Central)": [
    -0.2475,
    51.51694
  ],
  "East Finchley (Northern)": [
    -0.165,
    51.58722
  ],
  "East Ham (Hammersmith & City)": [
    0.0516,
    51.539
  ],
  "East Ham (District)": [
    0.0516,
    51.539
  ],
  "East Putney (District)": [
    -0.2113,
    51.4587
  ],
  "Eastcote (Piccadilly)": [
    -0.39694,
    51.57667
  ],
  "Eastcote (Metropolitan)": [
    -0.39694,
    51.57667
  ],
  "Edgware (Northern)": [
    -0.275,
    51.614
  ],
  "Edgware Road (Hammersmith & City)": [
    -0.167778,
    51.52
  ],
  "Edgware Road (District)": [
    -0.167778,
    51.52
  ],
  "Edgware Road (Circle)": [
    -0.167778,
    51.52
  ],
  "Elephant & Castle (Northern)": [
    -0.0997,
    51.4944
  ],
  "Elephant & Castle (Bakerloo)": [
    -0.0997,
    51.4944
  ],
  "Elm Park (District)": [
    0.19777,
    51.54972
  ],
  "Embankment (Northern)": [
    -0.122,
    51.507
  ],
  "Embankment (District)": [
    -0.122,
    51.507
  ],
  "Embankment (Circle)": [
    -0.122,
    51.507
  ],
  "Embankment (Bakerloo)": [
    -0.122,
    51.507
  ],
  "Epping (Central)": [
    0.1137,
    51.6938
  ],
  "Euston (Northern)": [
    -0.1331,
    51.5284
  ],
  "Euston (Victoria)": [
    -0.1331,
    51.5284
  ],
  "Euston Square (Metropolitan)": [
    -0.1358,
    51.5258
  ],
  "Euston Square (Hammersmith & City)": [
    -0.1358,
    51.5258
  ],
  "Euston Square (Circle)": [
    -0.1358,
    51.5258
  ],
  "Fairlop (Central)": [
    0.09054,
    51.59562
  ],
  "Finchley Central (Northern)": [
    -0.1924,
    51.6011
  ],
  "Finchley Road (Metropolitan)": [
    -0.18027,
    51.5472
  ],
  "Finchley Road (Jubilee)": [
    -0.18027,
    51.5472
  ],
  "Fulham Broadway (District)": [
    -0.1946556,
    51.4806194
  ],
  "Gants Hill (Central)": [
    0.06611,
    51.57666
  ],
  "Gloucester Road (Piccadilly)": [
    -0.183,
    51.4947
  ],
  "Gloucester Road (District)": [
    -0.183,
    51.4947
  ],
  "Gloucester Road (Circle)": [
    -0.183,
    51.4947
  ],
  "Golders Green (Northern)": [
    -0.194,
    51.572
  ],
  "Goldhawk Road (Hammersmith & City)": [
    -0.227,
    51.502
  ],
  "Goldhawk Road (Circle)": [
    -0.227,
    51.502
  ],
  "Goodge Street (Northern)": [
    -0.13444,
    51.52083
  ],
  "Grange Hill (Central)": [
    0.09222,
    51.61333
  ],
  "Great Portland Street (Metropolitan)": [
    -0.1438,
    51.5238
  ],
  "Great Portland Street (Hammersmith & City)": [
    -0.1438,
    51.5238
  ],
  "Great Portland Street (Circle)": [
    -0.1438,
    51.5238
  ],
  "Green Park (Piccadilly)": [
    -0.1428,
    51.5067
  ],
  "Green Park (Jubilee)": [
    -0.1428,
    51.5067
  ],
  "Green Park (Victoria)": [
    -0.1428,
    51.5067
  ],
  "Hainault (Central)": [
    0.0933,
    51.6033
  ],
  "Hammersmith (Hammersmith & City)": [
    -0.225037,
    51.494277
  ],
  "Hammersmith (Circle)": [
    -0.225037,
    51.494277
  ],
  "Hampstead (Northern)": [
    -0.1783,
    51.5569
  ],
  "Hanger Lane (Central)": [
    -0.293056,
    51.530278
  ],
  "Hatton Cross (Piccadilly)": [
    -0.42333,
    51.46694
  ],
  "Heathrow Terminals 2 & 3 (Piccadilly)": [
    -0.452,
    51.471
  ],
  "Heathrow Terminal 4 (Piccadilly)": [
    -0.446,
    51.459
  ],
  "Hendon Central (Northern)": [
    -0.226,
    51.583
  ],
  "High Barnet (Northern)": [
    -0.1941,
    51.6505
  ],
  "Highgate (Northern)": [
    -0.1458,
    51.5777
  ],
  "High Street Kensington (District)": [
    -0.1925,
    51.5008
  ],
  "High Street Kensington (Circle)": [
    -0.1925,
    51.5008
  ],
  "Hillingdon (Piccadilly)": [
    -0.45,
    51.5538
  ],
  "Hillingdon (Metropolitan)": [
    -0.45,
    51.5538
  ],
  "Holborn (Piccadilly)": [
    -0.1201,
    51.5174
  ],