{
  "100 AM (56 Stores) [50S]": [
    103.8435,
    1.2749
  ],
  "111 Somerset (No Data) []": [
    103.8376,
    1.30019
  ],
  "313 Somerset (147 Stores) [100S]": [
    103.8384,
    1.3009
  ],
  "321 Clementi (24 Stores) []": [
    103.765,
    1.312
  ],
  "888 Plaza (No Data) []": [
    103.7955,
    1.43802
  ],
  "Admiralty Place (No Data) []": [
    103.80154,
    1.4404
  ],
  "Alexandra Central (No Data) []": [
    103.80528,
    1.28736
  ],
  "Alexandra Retail Centre (68 Stores) [50S]": [
    103.8015,
    1.2739
  ],
  "AMK Hub (215 Stores) [200S]": [
    103.8486,
    1.3693
  ],
  "Anchorpoint (53 Stores) [50S]": [
    103.8051,
    1.2888
  ],
  "Aperia (52 Stores) [50S]": [
    103.8638,
    1.3105
  ],
  "Balestier Hill Shopping Centre (No Data) []": [
    103.84278,
    1.32588
  ],
  "Beauty World Centre (No Data) []": [
    103.7766,
    1.3423
  ],
  "Beauty World Plaza (No Data) []": [
    103.7763,
    1.3418
  ],
  "Bedok Mall (194 Stores) [100S]": [
    103.9294,
    1.3247
  ],
  "Bedok Point (27 Stores) []": [
    103.932364166666,
    1.32490638888888
  ],
  "Bedok Town Center (No Data) []": [
    103.9316,
    1.3245
  ],
  "Boon Lay Shopping Centre (No Data) []": [
    103.7124,
    1.3464
  ],
  "Broadway Plaza (No Data) []": [
    103.845973776855,
    1.37193646369426
  ],
  "Buangkok Square (43 Stores) []": [
    103.88162,
    1.38433
  ],
  "Bugis Cube (119 Stores) [100S]": [
    103.855655544739,
    1.29819500487878
  ],
  "Bugis Junction (248 Stores) [200S]": [
    103.85527778,
    1.2993
  ],
  "Bugis+ (82 Stores) [50S]": [
    103.8542,
    1.299617
  ],
  "Bugis Street (242 Stores) [200S]": [
    103.8549,
    1.3006
  ],
  "Bukit Panjang Plaza (126 Stores) [100S]": [
    103.7643,
    1.38
  ],
  "Bukit Timah Plaza (No Data) []": [
    103.778585430975,
    1.3386316527745
  ],
  "Bukit Timah Shopping Centre (No Data) []": [
    103.77595,
    1.3432
  ],
  "Canberra Plaza (45 Stores) []": [
    103.830461944444,
    1.44325666666666
  ],
  "Capitol Singapore (67 Stores) [50S]": [
    103.8512,
    1.293
  ],
  "Cathay Cineleisure Orchard (26 Stores) []": [
    103.8365,
    1.3015
  ],
  "Causeway Point (218 Stores) [200S]": [
    103.786,
    1.4361
  ],
  "Century Square (131 Stores) [100S]": [
    103.94382,
    1.35237
  ],
  "Changi Airport T3 (115 Stores) [100S]": [
    103.9865,
    1.3563
  ],
  "Changi Airport T4 (81 Stores) [50S]": [
    103.9835,
    1.338
  ],
  "Changi City Point (129 Stores) [100S]": [
    103.96267,
    1.33405
  ],
  "Chinatown Point (156 Stores) [100S]": [
    103.845,
    1.2852
  ],
  "City Gate Mall (69 Stores) [50S]": [
    103.8624,
    1.3023
  ],
  "City Plaza (No Data) []": [
    103.893418325845,
    1.31480522272254
  ],
  "City Square Mall (186 Stores) [100S]": [
    103.8566,
    1.3114
  ],
  "CityLink Mall (70 Stores) [50S]": [
    103.8552,
    1.2913
  ],
  "Clarke Quay Central (86 Stores) [50S]": [
    103.8466,
    1.289
  ],
  "Clementi Mall (156 Stores) [100S]": [
    103.7645,
    1.3151
  ],
  "Compass One (203 Stores) [200S]": [
    103.895,
    1.392
  ],
  "Djitsun Mall (No Data) []": [
    103.84765,
    1.3729
  ],
  "Djitsun Mall Bedok (No Data) []": [
    103.9296,
    1.32605
  ],
  "Downtown East (134 Stores) [100S]": [
    103.95513,
    1.377
  ],
  "DUO (No Data) []": [
    103.85840168774,
    1.29953434891664
  ],
  "East Village (No Data) []": [
    103.946201241591,
    1.3317758150305
  ],
  "Eastpoint Mall (131 Stores) [100S]": [
    103.953083333333,
    1.34272222222222
  ],
  "Elias Mall (47 Stores) []": [
    103.942,
    1.3786
  ],
  "FairPrice Hub (28 Stores) []": [
    103.6784,
    1.32697
  ],
  "Fajar Shopping Centre (34 Stores) []": [
    103.771,
    1.3838
  ],
  "Far East Plaza (549 Stores) [300S]": [
    103.8336,
    1.3072
  ],
  "Funan (199 Stores) [100S]": [
    103.8501,
    1.2913
  ],
  "Galaxis (No Data) []": [
    103.788101008571,
    1.29986251400969
  ],
  "Gek Poh Shopping Centre (No Data) []": [
    103.69773963001,
    1.34874164662883
  ],
  "Golden Mile Complex (411 Stores) [300S]": [
    103.86521,
    1.30273
  ],
  "Grandstand Car Mall (150 Stores) [100S]": [
    103.7936,
    1.3377
  ],
  "Grantral Mall (No Data) []": [
    103.765097562497,
    1.31423131705905
  ],
  "Great World City (303 Stores) [300S]": [
    103.831944444444,
    1.29361111111111
  ],
  "Greenridge Shopping Centre (No Data) []": [
    103.766235457752,
    1.38541768689995
  ],
  "Greenwich V (21 Stores) []": [
    103.8694,
    1.3874
  ],
  "HarbourFront Centre (152 Stores) [100S]": [
    103.8203,
    1.2642
  ],
  "HDB Hub (No Data) []": [
    103.8486,
    1.3319945640368
  ],
  "Heartland Mall (104 Stores) [100S]": [
    103.885161111111,
    1.35954166666666
  ],
  "HillV2 (26 Stores) []": [
    103.7643,
    1.3634
  ],
  "Hillion Mall (131 Stores) [100S]": [
    103.7633,
    1.3785
  ],
  "Holland Road Shopping Centre (106 Stores) [100S]": [
    103.7955,
    1.3104
  ],
  "Hougang 1 (37 Stores) []": [
    103.8795,
    1.3757
  ],
  "Hougang Green Shopping Mall (No Data) []": [
    103.887847089168,
    1.37931783471773
  ],
  "Hougang Mall (133 Stores) [100S]": [
    103.8938,
    1.37245
  ],
  "iMall (No Data) []": [
    103.906545823213,
    1.30312098084266
  ],
  "I12 Katong (67 Stores) [50S]": [
    103.905,
    1.3052
  ],
  "Icon Village (34 Stores) []": [
    103.8446,
    1.27515
  ],
  "IKEA Alexandra (1 Stores) []": [
    103.806034849631,
    1.28796619500179
  ],
  "IKEA Tampines (1 Stores) []": [
    103.9323,
    1.3742
  ],
  "IMM (231 Stores) [200S]": [
    103.7467,
    1.3347
  ],
  "ION Orchard (297 Stores) [200S]": [
    103.831666666666,
    1.304
  ],
  "JCube (114 Stores) [100S]": [
    103.7402,
    1.33326
  ],
  "Jem (254 Stores) [200S]": [
    103.74338,
    1.3332
  ],
  "Jewel Changi Airport (241 Stores) [200S]": [
    103.9898,
    1.36
  ],
  "Jubilee Square (26 Stores) []": [
    103.8478,
    1.3718
  ],
  "Junction 10 (40 Stores) []": [
    103.7602,
    1.380289
  ],
  "Junction 8 (166 Stores) [100S]": [
    103.848774999999,
    1.35064444444444
  ],
  "Junction Nine (131 Stores) [100S]": [
    103.8416,
    1.4331
  ],
  "Jurong Point (354 Stores) [300S]": [
    103.706388888888,
    1.33999999999999
  ],
  "Kallang Wave Mall (74 Stores) [50S]": [
    103.872916666666,
    1.30319444444444
  ],
  "Katong Shopping Centre (145 Stores) [100S]": [
    103.9012,
    1.3039
  ],
  "Katong Square (No Data) []": [
    103.904298449329,
    1.30511658648128
  ],
  "Katong V (31 Stores) []": [
    103.903,
    1.3036
  ],
  "Keat Hong Shopping Centre (No Data) []": [
    103.744383225412,
    1.37743963497469
  ],
  "KINEX (88 Stores) [50S]": [
    103.8948,
    1.3147
  ],
  "Knightsbridge (No Data) []": [
    103.836283923443,
    1.3029831225958
  ],
  "Le Quest (38 Stores) []": [
    103.7412,
    1.3558
  ],
  "Leisure Park Kallang (60 Stores) [50S]": [
    103.8764,
    1.3022
  ],
  "Limbang Shopping Centre (No Data) []": [
    103.743611063324,
    1.39222033136152
  ],
  "Lot One (148 Stores) [100S]": [
    103.745,
    1.3851223
  ],
  "Loyang Point (77 Stores) [50S]": [
    103.9644026,
    1.3669313
  ],
  "Lucky Plaza (513 Stores) [300S]": [
    103.833855555555,
    1.304475
  ],
  "Mandarin Gallery (100 Stores) [50S]": [
    103.8368,
    1.3019
  ],
  "Marina Bay Link Mall (55 Stores) [50S]": [
    103.854,
    1.28004
  ],
  "Marina Bay Sands Shoppes (216 Stores) [200S]": [
    103.859,
    1.2835
  ],
  "Marina One (41 Stores) []": [
    103.853,
    1.27714
  ],
  "Marina Square (190 Stores) [100S]": [
    103.857499999999,
    1.29111111111111
  ],
  "Marsiling Mall (No Data) []": [
    103.779746860157,
    1.43351253520759
  ],
  "Marina Bay Financial Centre Tower 3 (No Data) []": [
    103.854457600432,
    1.27912493489912
  ],
  "Midpoint Orchard (No Data) []": [
    103.838660627347,
    1.30178378195546
  ],