{
  "Choa Chu Kang (BP1) [BP]": [
    103.744444,
    1.385
  ],
  "Fajar (BP10) [BP]": [
    103.770833,
    1.384444
  ],
  "Segar (BP11) [BP]": [
    103.769444,
    1.387778
  ],
  "Jelapang (BP12) [BP]": [
    103.764444,
    1.386667
  ],
  "Senja (BP13) [BP]": [
    103.762222,
    1.382778
  ],
  "Ten Mile Junction (BP14) [BP]": [
    103.76,
    1.380278
  ],
  "South View (BP2) [BP]": [
    103.745278,
    1.380278
  ],
  "Keat Hong (BP3) [BP]": [
    103.748889,
    1.378611
  ],
  "Teck Whye (BP4) [BP]": [
    103.753611,
    1.376667
  ],
  "Phoenix (BP5) [BP]": [
    103.758056,
    1.378611
  ],
  "Bukit Panjang (BP6) [BP]": [
    103.761667,
    1.378333
  ],
  "Petir (BP7) [BP]": [
    103.766667,
    1.377778
  ],
  "Pending (BP8) [BP]": [
    103.771111,
    1.376111
  ],
  "Bangkit (BP9) [BP]": [
    103.7725,
    1.38
  ],
  "Dhoby Ghaut (CC1) [CC]": [
    103.845833,
    1.299167
  ],
  "MacPherson (CC10) [CC]": [
    103.89,
    1.326667
  ],
  "Tai Seng (CC11) [CC]": [
    103.888056,
    1.335833
  ],
  "Bartley (CC12) [CC]": [
    103.879722,
    1.342778
  ],
  "Serangoon (CC13) [CC]": [
    103.873056,
    1.35
  ],
  "Lorong Chuan (CC14) [CC]": [
    103.864167,
    1.351667
  ],
  "Bishan (CC15) [CC]": [
    103.848333,
    1.351111
  ],
  "Marymount (CC16) [CC]": [
    103.839444,
    1.349167
  ],
  "Caldecott (CC17) [CC]": [
    103.839444,
    1.337778
  ],
  "Bukit Brown (CC18) [CC]": [
    103.83,
    1.333611
  ],
  "Botanic Gardens (CC19) [CC]": [
    103.815278,
    1.3225
  ],
  "Bras Basah (CC2) [CC]": [
    103.850556,
    1.296944
  ],
  "Farrer Road (CC20) [CC]": [
    103.8075,
    1.317222
  ],
  "Holland Village (CC21) [CC]": [
    103.796111,
    1.311944
  ],
  "Buona Vista (CC22) [CC]": [
    103.790028,
    1.307333
  ],
  "one-north (CC23) [CC]": [
    103.786944,
    1.299444
  ],
  "Kent Ridge (CC24) [CC]": [
    103.784444,
    1.293333
  ],
  "Haw Par Villa (CC25) [CC]": [
    103.781944,
    1.2825
  ],
  "Pasir Panjang (CC26) [CC]": [
    103.791389,
    1.276111
  ],
  "Labrador Park (CC27) [CC]": [
    103.802778,
    1.272222
  ],
  "Telok Blangah (CC28) [CC]": [
    103.809722,
    1.270556
  ],
  "HarbourFront (CC29) [CC]": [
    103.822222,
    1.265278
  ],
  "Esplanade (CC3) [CC]": [
    103.855278,
    1.293333
  ],
  "Keppel (CC30) [CC]": [
    103.830278,
    1.27
  ],
  "Cantonment (CC31) [CC]": [
    103.836667,
    1.272778
  ],
  "Prince Edward Road (CC32) [CC]": [
    103.847222,
    1.273333
  ],
  "Promenade (CC4) [CC]": [
    103.861111,
    1.293056
  ],
  "Nicoll Highway (CC5) [CC]": [
    103.863611,
    1.299722
  ],
  "Stadium (CC6) [CC]": [
    103.875278,
    1.302778
  ],
  "Mountbatten (CC7) [CC]": [
    103.8825,
    1.306389
  ],
  "Dakota (CC8) [CC]": [
    103.888333,
    1.308333
  ],
  "Paya Lebar (CC9) [CC]": [
    103.8925,
    1.317778
  ],
  "Promenade (CE) [CC]": [
    103.861111,
    1.293056
  ],
  "Bayfront (CE1) [CC]": [
    103.859444,
    1.282222
  ],
  "Marina Bay (CE2) [CC]": [
    103.854675,
    1.276097
  ],
  "Promenade (CC35) [CC]": [
    103.861111,
    1.293056
  ],
  "Bayfront (CC34) [CC]": [
    103.859444,
    1.282222
  ],
  "Marina Bay (CC33) [CC]": [
    103.854675,
    1.276097
  ],
  "Tanah Merah (CG) [EW]": [
    103.946344,
    1.327358
  ],
  "Expo (CG1) [EW]": [
    103.961767,
    1.335469
  ],
  "Changi Airport (CG2) [EW]": [
    103.988836,
    1.357372
  ],
  "Pasir Ris (CP1) [CR]": [
    103.949369,
    1.372411
  ],
  "Elias (CP2) [CR]": [
    103.938056,
    1.383889
  ],
  "Riviera (CP3) [CR]": [
    103.916772,
    1.394439
  ],
  "Punggol (CP4) [CR]": [
    103.9025,
    1.405278
  ],
  "Tavistock (CR10) [CR]": [
    103.863333,
    1.37
  ],
  "Ang Mo Kio (CR11) [CR]": [
    103.84945,
    1.370017
  ],
  "Teck Ghee (CR12) [CR]": [
    103.843611,
    1.365556
  ],
  "Bright Hill (CR13) [CR]": [
    103.832222,
    1.361667
  ],
  "Turf City (CR14) [CR]": [	
    103.793536,
    1.340603
  ],
  "King Albert Park (CR15) [CR]": [	
    103.783365,    	
    1.335283
  ],
  "Maju (CR16) [CR]": [	
    103.776148,
    1.3272925
  ],
  "Clementi (CR17) [CR]": [	
    103.765116,
    1.314732
  ],
  "West Coast (CR18) [CR]": [
    103.757727,
    1.310367
  ],
  "Jurong Lake District (CR19) [CR]": [
    103.739188,
    1.327260
  ],
  "Aviation Park (CR2) [CR]": [
    104.003056,
    1.37
  ],
  "Loyang (CR3) [CR]": [
    103.971944,
    1.371944
  ],
  "Pasir Ris East (CR4) [CR]": [
    103.961111,
    1.366111
  ],
  "Pasir Ris (CR5) [CR]": [
    103.949369,
    1.372411
  ],
  "Tampines North (CR6) [CR]": [
    103.937778,
    1.369167
  ],
  "Defu (CR7) [CR]": [
    103.898889,
    1.362222
  ],
  "Hougang (CR8) [CR]": [
    103.892222,
    1.371389
  ],
  "Serangoon North (CR9) [CR]": [
    103.873611,
    1.370556
  ],
  "Sungei Kadut (DT) [DT]": [
    103.748711,
    1.413204
  ],
  "Bukit Panjang (DT1) [DT]": [
    103.761667,
    1.378333
  ],
  "Stevens (DT10) [DT]": [
    103.826111,
    1.32
  ],
  "Newton (DT11) [DT]": [
    103.838333,
    1.313056
  ],
  "Little India (DT12) [DT]": [
    103.849167,
    1.306667
  ],
  "Rochor (DT13) [DT]": [
    103.852581,
    1.303764
  ],
  "Bugis (DT14) [DT]": [
    103.856111,
    1.300278
  ],
  "Promenade (DT15) [DT]": [
    103.861111,
    1.293056
  ],
  "Bayfront (DT16) [DT]": [
    103.859444,
    1.282222
  ],
  "Downtown (DT17) [DT]": [
    103.853056,
    1.279444
  ],
  "Telok Ayer (DT18) [DT]": [
    103.848333,
    1.282222
  ],
  "Chinatown (DT19) [DT]": [
    103.843889,
    1.284722
  ],
  "Cashew (DT2) [DT]": [
    103.764722,
    1.368889
  ],
  "Fort Canning (DT20) [DT]": [
    103.844325,
    1.292481
  ],
  "Bencoolen (DT21) [DT]": [
    103.850278,
    1.298889
  ],
  "Jalan Besar (DT22) [DT]": [
    103.855278,
    1.305556
  ],
  "Bendemeer (DT23) [DT]": [
    103.861389,
    1.314167
  ],
  "Geylang Bahru (DT24) [DT]": [
    103.871389,
    1.321389
  ],
  "Mattar (DT25) [DT]": [
    103.882778,
    1.327222
  ],
  "MacPherson (DT26) [DT]": [
    103.89,
    1.326667
  ],
  "Ubi (DT27) [DT]": [
    103.9,
    1.33
  ],
  "Kaki Bukit (DT28) [DT]": [
    103.908889,
    1.335
  ],
  "Bedok North (DT29) [DT]": [
    103.917778,
    1.336389
  ],
  "Hillview (DT3) [DT]": [
    103.7675,
    1.3625
  ],
  "Bedok Reservoir (DT30) [DT]": [
    103.930833,
    1.336667
  ],
  "Tampines West (DT31) [DT]": [
    103.938333,
    1.345556
  ],
  "Tampines (DT32) [DT]": [
    103.945322,
    1.352528
  ],
  "Tampines East (DT33) [DT]": [
    103.954722,
    1.356389
  ],
  "Upper Changi (DT34) [DT]": [
    103.961389,
    1.341944
  ],
  "Expo (DT35) [DT]": [
    103.961767,
    1.335469
  ],
  "Xilin (DT36) [DT]": [
    103.965,
    1.328889
  ],
  "Sungei Bedok (DT37) [DT]": [
    103.957222,
    1.320278
  ],
  "Hume (DT4) [DT]": [
    103.769167,
    1.354722
  ],
  "Beauty World (DT5) [DT]": [
    103.775833,
    1.341111
  ],
  "King Albert Park (DT6) [DT]": [
    103.783889,
    1.335556
  ],
  "Sixth Avenue (DT7) [DT]": [
    103.7975,
    1.330833
  ],
  "Tan Kah Kee (DT8) [DT]": [
    103.807222,
    1.326111
  ],
  "Botanic Gardens (DT9) [DT]": [
    103.815278,
    1.3225
  ],
  "Pasir Ris (EW1) [EW]": [
    103.949369,
    1.372411
  ],
  "Kallang (EW10) [EW]": [
    103.8714,
    1.311469
  ],
  "Lavender (EW11) [EW]": [
    103.863008,
    1.307167
  ],
  "Bugis (EW12) [EW]": [
    103.856111,
    1.300278
  ],
  "City Hall (EW13) [EW]": [
    103.852219,
    1.293239
  ],
  "Raffles Place (EW14) [EW]": [
    103.851533,
    1.283881
  ],
  "Tanjong Pagar (EW15) [EW]": [
    103.845711,
    1.276439
  ],
  "Outram Park (EW16) [EW]": [
    103.839444,
    1.280278
  ],
  "Tiong Bahru (EW17) [EW]": [
    103.826958,
    1.286081
  ],
  "Redhill (EW18) [EW]": [
    103.81675,
    1.289733
  ],
  "Queenstown (EW19) [EW]": [
    103.806114,
    1.294442
  ],
  "Tampines (EW2) [EW]": [
    103.945322,
    1.352528
  ],